-1,-1,-1,-1,-1,-1,-1,-1,-1,-1,-1,-1,-1,-1,-1,-1,-1,-1,-1,-1,-1,-1,-1,-1,-1,-1,12008,12009,12009,12009,12009,12009,12009,12009,12009,12009,12010,-1,-1,-1,-1,-1,-1,-1,-1,-1,-1,-1,-1,-1,-1,-1,-1,-1,-1,-1,-1,-1,-1,-1,-1,-1,-1,-1,-1,-1,-1,-1,-1,-1,-1,-1,-1,-1,-1,-1,-1,-1,-1,-1,-1,-1,-1,-1,-1,-1,-1,-1,-1,-1,-1,-1,-1,-1,-1,-1,-1,-1,-1,-1
-1,-1,-1,-1,-1,-1,-1,-1,-1,-1,-1,-1,-1,-1,-1,-1,-1,-1,-1,-1,-1,-1,-1,13808,13810,-1,12166,8692,8692,8692,8692,8692,8692,8692,8692,8692,12168,-1,-1,-1,-1,-1,-1,-1,-1,-1,-1,-1,-1,-1,-1,-1,-1,-1,-1,-1,-1,-1,-1,-1,-1,-1,-1,-1,-1,-1,-1,-1,-1,-1,-1,-1,-1,-1,-1,-1,-1,-1,-1,-1,-1,-1,-1,-1,-1,-1,-1,-1,-1,-1,-1,-1,-1,-1,-1,-1,-1,-1,-1,-1
-1,-1,-1,-1,-1,-1,-1,-1,1902,1902,1902,1902,1902,1902,1902,1902,1902,1902,1902,1902,1902,1902,1902,13966,13968,-1,12166,8692,8692,8692,8692,8692,8692,8692,8692,8692,12168,-1,-1,-1,-1,-1,-1,-1,-1,-1,-1,-1,-1,-1,-1,-1,-1,-1,-1,-1,-1,-1,-1,-1,-1,-1,-1,-1,-1,-1,-1,-1,-1,-1,-1,-1,-1,-1,-1,-1,-1,-1,-1,-1,-1,-1,-1,-1,-1,-1,-1,-1,-1,-1,-1,-1,-1,-1,-1,-1,-1,-1,-1,-1
-1,-1,-1,-1,-1,-1,-1,-1,1902,1902,1902,1902,1902,1902,1902,1902,1902,1902,1902,1902,1902,1902,1902,13966,13968,-1,12166,8692,8692,8692,8692,8692,8692,8692,8692,8692,12168,-1,-1,-1,-1,-1,1902,1902,1902,1902,1902,1902,1902,1902,1902,1902,1902,1902,-1,-1,-1,2847,2849,2850,-1,-1,2847,-1,-1,-1,-1,-1,13808,13967,13967,13967,13967,13967,13967,13967,13967,13967,13967,13967,13967,13967,13967,13967,13967,13968,-1,-1,-1,-1,-1,2847,-1,-1,-1,-1,-1,2850,-1,-1
-1,-1,-1,-1,-1,-1,-1,-1,-1,-1,-1,-1,-1,-1,-1,-1,-1,-1,1902,1902,1902,1902,1902,13966,13968,-1,12166,8692,8692,8692,8692,8692,8692,8692,8692,8692,12168,-1,-1,-1,1902,1902,1902,1902,1902,1902,1902,1902,1902,1902,1902,1902,1902,1902,10461,10462,-1,13809,13809,13809,13809,13810,2850,-1,-1,-1,-1,-1,13966,13967,13967,13967,13967,13967,13967,13967,13967,13967,13967,13967,13967,13967,13967,13967,13967,13968,-1,-1,-1,-1,-1,-1,2849,-1,-1,-1,-1,-1,-1,-1
-1,-1,-1,-1,-1,-1,-1,-1,-1,-1,-1,-1,-1,-1,-1,-1,-1,-1,1902,1902,1902,1902,1902,13966,13968,-1,12324,12325,12325,12325,12325,12325,12325,12325,12325,12325,12326,-1,637,-1,1902,1902,1902,1902,1902,1902,1902,1902,1902,1902,1902,1902,1902,1902,-1,-1,13966,13967,13967,13967,13967,13967,13810,-1,-1,-1,-1,-1,13966,13967,13967,13967,13967,13967,13967,13967,13967,13967,13967,13967,13967,13967,13967,13967,13967,13968,-1,-1,-1,13808,13809,13809,13809,13809,13809,13809,13810,-1,-1,-1
-1,-1,-1,-1,-1,-1,-1,-1,-1,-1,-1,-1,-1,-1,-1,-1,-1,-1,1902,1902,1902,1902,1902,13966,13968,-1,-1,-1,-1,-1,-1,-1,-1,-1,-1,-1,-1,635,-1,-1,1902,1902,1902,1902,1902,1902,1902,1902,1902,1902,1902,1902,1902,1902,-1,-1,13966,13967,13967,13967,13967,13967,13967,13810,-1,-1,-1,-1,13966,13967,13967,13967,13967,13967,13967,13967,13967,13967,13967,13967,13967,13967,13967,13967,13967,13968,-1,-1,-1,13966,13967,13967,13967,13967,13967,13967,13968,-1,-1,-1
-1,-1,-1,-1,-1,-1,-1,-1,-1,-1,-1,-1,-1,-1,-1,-1,-1,-1,1902,1902,1902,1902,1902,13966,13968,-1,-1,-1,-1,2849,2848,-1,2847,2849,-1,-1,-1,-1,636,-1,1902,1902,1902,1902,1902,1902,1902,1902,1902,1902,1902,1902,1902,1902,2847,2850,14124,14125,14125,13967,13967,13967,13967,13967,13810,-1,-1,-1,14124,14125,14125,14125,14125,14125,14125,13967,13967,13967,13967,14125,14125,14125,14125,14125,14125,14126,-1,-1,-1,13966,13967,13967,13967,13967,13967,13967,13968,2847,-1,-1
-1,-1,-1,-1,-1,-1,-1,-1,-1,-1,-1,-1,-1,-1,-1,-1,-1,-1,1902,1902,1902,1902,1902,13966,13968,-1,-1,-1,-1,-1,2849,-1,2848,2847,-1,-1,637,-1,-1,-1,1902,1902,1902,1902,1902,1902,1902,1902,1902,13808,13809,13809,13809,13810,2849,-1,-1,-1,-1,13966,13967,13967,13967,13967,13968,-1,-1,-1,-1,2847,2850,-1,-1,-1,-1,13966,13967,13967,13968,-1,-1,-1,-1,2847,2850,2849,-1,-1,-1,13966,13967,13967,13967,13967,13967,13967,13968,2850,-1,-1
-1,-1,-1,-1,-1,-1,-1,-1,-1,-1,-1,-1,-1,-1,-1,-1,-1,-1,1902,1902,1902,1902,1902,13966,13968,-1,-1,-1,-1,-1,2847,2849,-1,2848,-1,-1,-1,-1,-1,-1,1902,1902,1902,1902,1902,1902,1902,1902,1902,13966,13967,13967,13967,13967,13810,-1,-1,-1,-1,-1,14125,13967,13967,13967,13967,13809,13809,13809,13809,13809,13809,13809,13809,13809,13809,13967,13967,13967,13967,13809,13809,13809,13809,13809,13809,13809,13809,13809,13809,13967,13967,13967,13967,13967,13967,13967,13968,2849,-1,-1
-1,-1,-1,-1,-1,-1,-1,-1,-1,-1,-1,-1,-1,-1,-1,-1,-1,-1,1902,1902,1902,1902,1902,13966,13968,-1,-1,-1,-1,-1,-1,-1,-1,-1,-1,-1,-1,-1,635,636,-1,-1,-1,13808,13809,13809,13809,13809,13809,13967,13967,13967,13967,13967,13967,13810,-1,-1,-1,-1,-1,13966,13967,13967,13967,13967,13967,13967,13967,13967,13967,13967,13967,13967,13967,13967,13967,13967,13967,13967,13967,13967,13967,13967,13967,13967,13967,13967,13967,13967,13967,13967,13967,13967,13967,13967,13967,13810,-1,-1
-1,-1,-1,-1,-1,-1,-1,-1,-1,-1,-1,-1,-1,-1,-1,-1,-1,-1,1902,1902,1902,1902,1902,13966,13968,-1,-1,-1,-1,-1,-1,-1,-1,-1,-1,-1,-1,-1,-1,-1,-1,-1,-1,13966,13967,13967,13967,13967,13967,13967,13967,13967,13967,13967,13967,13967,13809,13968,-1,-1,-1,13966,13967,13967,13967,13967,13967,13967,13967,13967,13967,13967,13967,13967,13967,13967,13967,13967,13967,13967,13967,13967,13967,13967,13967,13967,13967,13967,13967,13967,13967,13967,13967,14125,13967,13967,13967,13968,-1,-1
-1,-1,-1,-1,-1,-1,-1,-1,-1,-1,-1,-1,-1,-1,-1,-1,-1,-1,1902,1902,1902,1902,1902,13966,13968,-1,8692,-1,-1,-1,-1,-1,-1,-1,-1,-1,-1,-1,637,-1,-1,635,-1,13966,13967,13967,13967,13967,13967,13967,13967,13967,13967,13967,13967,13967,13967,13968,-1,-1,-1,14124,14125,14125,14125,14125,14125,14125,14125,14125,14125,14125,14125,14125,14125,13967,13967,13967,13967,14125,14125,14125,14125,14125,14125,14125,14125,14125,14125,14125,14125,14125,14126,-1,13966,13967,13967,13968,-1,-1
-1,-1,-1,-1,-1,-1,-1,-1,-1,-1,-1,-1,-1,-1,-1,-1,-1,-1,-1,-1,-1,-1,-1,13966,13968,-1,8692,8692,-1,-1,-1,-1,-1,-1,-1,-1,-1,-1,-1,-1,636,-1,-1,13966,13967,14125,14125,14125,14125,14125,13967,13967,13967,13967,13967,13967,13967,13968,-1,-1,2850,2849,-1,2847,-1,-1,-1,-1,-1,-1,-1,-1,-1,-1,-1,13966,13967,13967,13968,-1,-1,-1,2849,2850,-1,-1,-1,-1,2849,-1,-1,-1,-1,-1,13966,13967,13967,13968,-1,-1
-1,-1,-1,-1,-1,-1,-1,-1,-1,-1,-1,-1,-1,-1,-1,-1,-1,-1,-1,-1,-1,-1,-1,13966,13968,-1,636,636,636,636,-1,-1,-1,636,636,636,636,-1,-1,-1,637,635,-1,13966,13968,2223,2224,2224,2225,13966,13967,13967,13967,13967,13967,13967,13967,13968,-1,-1,2847,-1,-1,-1,-1,-1,-1,-1,-1,-1,-1,-1,-1,-1,-1,13966,13967,13967,13968,-1,-1,-1,13808,13809,13809,13809,13809,13809,13809,13809,13810,-1,-1,-1,13966,13967,13967,13968,-1,-1
-1,-1,-1,-1,-1,-1,-1,-1,-1,-1,-1,-1,-1,-1,-1,-1,-1,-1,-1,-1,-1,-1,-1,13966,13968,-1,636,636,636,636,-1,-1,-1,636,636,636,636,635,-1,-1,-1,-1,-1,13966,13968,2381,2382,2382,2383,13966,13967,13967,13967,14125,13967,13967,13967,13968,-1,-1,-1,-1,-1,-1,-1,2847,-1,-1,-1,-1,-1,-1,-1,-1,-1,13966,13967,13967,13968,-1,-1,-1,13966,13967,13967,13967,13967,13967,13967,13967,13968,-1,-1,-1,13966,13967,13967,13968,-1,-1
-1,-1,-1,-1,-1,-1,-1,-1,-1,-1,-1,-1,-1,-1,-1,-1,-1,-1,-1,-1,-1,-1,-1,13966,13968,-1,636,636,636,636,636,636,636,636,636,636,636,-1,-1,-1,-1,-1,-1,13966,13968,2381,2382,2382,2383,13966,13967,13967,13968,-1,13966,13967,13967,13968,-1,-1,-1,-1,-1,2849,2850,-1,-1,-1,-1,-1,-1,-1,-1,-1,-1,13966,13967,13967,13968,-1,-1,-1,13966,13967,13967,13967,13967,13967,13967,13967,13968,2850,2847,-1,13966,13967,13967,13968,-1,-1
-1,13808,13809,13809,13809,13809,13809,13809,13809,13809,13809,13809,13809,13809,13809,13809,13809,13809,13809,13809,13809,13809,13809,13967,13967,13809,13809,13809,13809,13809,13809,13809,13809,13809,13809,13809,13809,13809,13809,13809,13809,13809,13809,13967,13968,2381,2382,2382,2383,13966,13967,13967,13968,-1,13966,13967,13967,13968,-1,-1,-1,-1,-1,-1,-1,-1,-1,-1,-1,-1,-1,-1,-1,-1,-1,13966,13967,13967,13968,-1,-1,-1,13966,13967,13967,13967,13967,13967,13967,13967,13968,-1,2847,-1,13966,13967,13967,13968,-1,-1
-1,14124,14125,14125,14125,14125,14125,14125,14125,14125,14125,14125,14125,14125,14125,14125,14125,14125,14125,14125,14125,14125,14125,14125,14125,14125,14125,14125,14125,14125,14125,14125,14125,14125,14125,14125,14125,14125,14125,14125,14125,14125,14125,13967,13968,2381,2382,2382,2383,13966,13967,13967,13968,-1,13966,13967,13967,13968,-1,-1,-1,-1,-1,-1,-1,-1,-1,-1,-1,-1,-1,-1,-1,-1,-1,13966,13967,13967,13968,-1,-1,-1,14124,14125,14125,14125,14125,13967,13967,13967,13967,13809,13809,13809,13967,13967,13967,13968,-1,-1
-1,-1,-1,-1,-1,-1,-1,-1,-1,-1,-1,-1,-1,-1,-1,-1,-1,-1,-1,-1,-1,-1,-1,-1,-1,-1,2223,2224,2224,2224,2224,2224,2224,2224,2224,2224,2224,2224,2224,2224,2224,2224,2224,2224,2224,2382,2382,2382,2383,13966,13967,13967,13968,-1,14124,14125,14125,14126,-1,-1,-1,-1,-1,-1,-1,-1,-1,-1,-1,-1,-1,-1,-1,-1,-1,13966,13967,13967,13967,13809,13809,13810,-1,-1,-1,-1,-1,13966,13967,13967,13967,13967,13967,13967,13967,13967,13967,13968,-1,-1
-1,-1,-1,-1,-1,-1,-1,-1,-1,-1,-1,-1,-1,-1,-1,-1,-1,-1,-1,-1,-1,-1,-1,-1,-1,-1,2381,2382,2382,2382,2382,2382,2382,2382,2382,2382,2382,2382,2382,2382,2382,2382,2382,2382,2382,2382,2382,2382,2383,13966,13967,13967,13968,-1,-1,-1,-1,-1,-1,-1,-1,-1,-1,-1,-1,-1,-1,-1,-1,-1,-1,-1,-1,-1,-1,13966,13967,13967,13967,13967,13967,13968,-1,-1,-1,-1,-1,13966,13967,13967,13967,13967,13967,13967,13967,13967,13967,13968,-1,-1
-1,-1,-1,-1,-1,-1,-1,-1,-1,-1,-1,-1,-1,-1,-1,-1,-1,-1,-1,-1,1744,-1,-1,-1,-1,-1,2381,2382,2382,2382,2382,2382,2382,2382,2382,2382,2382,2382,2382,2382,12805,12805,12805,12805,12805,2382,2382,2382,2383,13966,13967,13967,13968,-1,-1,2849,2850,-1,-1,-1,-1,-1,-1,-1,-1,-1,-1,-1,-1,-1,-1,-1,-1,-1,-1,13966,13967,13967,13967,13967,13967,13968,-1,-1,-1,-1,-1,14124,14125,14125,14125,14125,14125,14125,13967,13967,13967,13968,-1,-1
-1,-1,-1,-1,-1,-1,2845,2845,2845,2845,2845,2845,2845,-1,-1,2851,-1,-1,-1,-1,-1,-1,-1,-1,-1,-1,2381,2382,2382,2382,2382,2382,2382,2382,2382,2382,2382,2382,2382,2382,12805,2382,2382,2382,12805,2382,2382,2382,2383,13966,13967,13967,13968,-1,-1,-1,-1,-1,-1,-1,-1,-1,-1,-1,-1,-1,-1,-1,-1,-1,-1,-1,2849,-1,-1,14124,14125,14125,13967,13967,13967,13968,-1,2847,-1,-1,-1,-1,-1,-1,-1,-1,-1,2850,13966,13967,13967,13968,-1,-1
-1,-1,-1,-1,-1,-1,2845,2845,2845,2845,2845,2845,2845,-1,-1,-1,-1,-1,-1,3010,-1,-1,-1,-1,-1,-1,2381,2382,2382,2382,2382,2382,2382,2382,2382,2382,2382,2382,2382,2382,12805,2382,2382,2382,12805,2382,2382,2382,2383,13966,13967,13967,13968,-1,2850,-1,-1,-1,-1,-1,-1,-1,-1,-1,-1,-1,-1,-1,-1,-1,-1,-1,2847,-1,-1,-1,-1,2850,13966,13967,13967,13968,-1,-1,-1,-1,-1,-1,2850,2849,-1,-1,-1,-1,13966,13967,13967,13968,-1,-1
-1,-1,-1,-1,-1,-1,2845,2845,2845,2845,2845,2845,2845,-1,-1,-1,-1,-1,-1,-1,-1,-1,-1,-1,-1,-1,2381,2382,2382,2382,2382,2382,2382,2382,2382,2382,2382,2382,2382,2382,12805,2382,2382,2382,12805,2382,2382,2382,2383,13966,13967,13967,13968,-1,2847,-1,-1,-1,-1,-1,-1,-1,-1,-1,-1,6508,6508,6508,-1,-1,-1,-1,-1,-1,-1,-1,-1,-1,13966,13967,13967,13968,-1,-1,-1,-1,-1,-1,-1,-1,-1,-1,-1,-1,13966,13967,13967,13968,-1,-1
-1,-1,-1,-1,-1,-1,-1,-1,6508,6508,6508,-1,-1,-1,-1,-1,-1,-1,-1,-1,2851,-1,-1,-1,-1,-1,2381,2382,2382,2382,2382,2382,2382,2382,2382,2382,2382,2382,2382,2382,12805,12805,12805,12805,12805,2382,2382,2382,2383,13966,13967,13967,13968,-1,-1,-1,-1,-1,-1,-1,-1,2847,-1,-1,13966,13967,13967,13967,13968,-1,2850,-1,-1,-1,-1,-1,-1,-1,13966,13967,13967,13968,-1,-1,-1,-1,2849,-1,-1,-1,-1,-1,-1,-1,13966,13967,13967,13968,-1,-1
-1,-1,-1,-1,-1,-1,-1,-1,-1,-1,-1,-1,-1,-1,-1,-1,2851,-1,-1,-1,-1,-1,-1,-1,-1,-1,2381,2382,2382,2382,2382,2382,2382,2382,2382,2382,2382,2382,2382,2382,2382,2382,2382,2382,2382,2382,2382,2382,2383,13966,13967,13967,13968,-1,-1,-1,-1,-1,-1,-1,2849,-1,-1,-1,13966,13967,13967,13967,13968,-1,-1,-1,-1,-1,-1,-1,-1,-1,13966,13967,13967,13968,-1,-1,13808,13809,13809,13809,13809,13809,13809,13809,13809,13809,13967,13967,13967,13968,-1,-1
-1,-1,-1,-1,-1,-1,-1,-1,-1,-1,-1,-1,1744,-1,-1,-1,-1,-1,-1,-1,-1,-1,-1,-1,-1,-1,2381,2382,2382,2382,2382,2382,2382,2382,2382,2382,2382,2382,2382,2382,2382,2382,2382,2382,2382,2382,2382,2382,2383,13966,13967,13967,13968,2850,-1,-1,-1,-1,-1,2847,-1,2850,2850,-1,13966,13967,13967,13967,13967,13809,13809,13809,13809,13809,13809,13809,13809,13809,13967,13967,13967,13968,-1,-1,13966,13967,13967,13967,13967,13967,13967,13967,13967,13967,13967,13967,13967,13968,-1,-1
474,475,3010,475,475,475,475,475,475,475,475,475,475,475,475,475,475,475,475,475,475,475,475,475,475,476,2381,2382,2382,2382,2382,2382,2382,2382,2382,2382,2382,2382,2382,2382,2382,2382,2382,2382,2382,2382,2382,2382,2383,13966,13967,13967,13967,13809,13809,13809,13809,13809,13809,13809,13810,-1,-1,-1,13966,13967,13967,13967,13967,13967,13967,13967,13967,13967,13967,13967,13967,13967,13967,13967,13967,13968,-1,2850,13966,13967,13967,13967,13967,13967,13967,13967,13967,13967,13967,13967,13967,13968,2847,2850
474,475,475,475,475,475,475,475,475,475,475,475,475,475,475,475,475,475,475,475,475,475,475,475,475,476,2381,2382,12644,12805,12805,12805,12805,12805,12805,2382,2382,2382,2382,2382,2382,2382,2382,2382,2382,2382,2382,2382,2383,13966,13967,13967,13967,13967,13967,13967,13967,13967,13967,13967,13968,-1,-1,-1,13966,13967,13967,13967,13967,13967,13967,13967,13967,13967,13967,13967,13967,13967,13967,13967,13967,13968,-1,-1,13966,13967,13967,13967,13967,13967,13967,13967,13967,13967,13967,13967,13967,13968,-1,-1
474,475,475,475,475,475,475,475,475,475,475,475,475,475,475,475,475,475,475,2851,475,475,475,475,475,476,2381,2382,12644,12805,2382,2382,2382,12805,12805,2382,2382,2382,2382,2382,2382,2382,2382,2382,2382,2382,2382,2382,2383,13966,13967,13967,13967,13967,13967,13967,13967,13967,13967,13967,13968,-1,-1,-1,14124,14125,14125,14125,14125,14125,14125,14125,14125,13967,13967,13967,13967,14125,14125,14125,14125,14126,-1,-1,13966,13967,13967,13967,13967,13967,13967,13967,13967,13967,13967,13967,13967,13968,-1,-1
474,475,475,475,475,475,475,475,475,475,475,475,475,475,475,475,475,475,475,475,475,475,475,475,475,476,2381,2382,12644,12805,2382,2382,2382,12805,12805,2382,2382,2382,2382,2382,2382,2382,2382,2382,2382,2382,2540,2540,2541,14125,14125,14125,14125,14125,14125,14125,14125,13967,13967,13967,13968,-1,-1,-1,-1,-1,-1,2849,-1,-1,-1,-1,13966,13967,13967,13967,13968,-1,-1,-1,-1,-1,-1,-1,13966,13967,13967,13967,13967,13967,13967,13967,13967,13967,13967,13967,13967,13968,-1,-1
474,475,475,475,475,475,475,475,475,475,475,475,475,475,475,475,475,475,475,475,475,475,475,475,475,476,2381,2382,12644,12805,2382,2382,2382,12805,12805,2382,2382,2382,2382,2382,2382,2382,2382,2382,2540,2541,13,14,14,172,172,172,172,172,172,172,172,13966,13967,13967,13968,-1,-1,-1,-1,-1,-1,-1,2850,-1,-1,-1,14124,14125,13967,13967,13968,-1,-1,-1,-1,-1,-1,-1,14124,13967,13967,13967,13967,14125,14125,14125,14125,14125,14125,14125,14125,14126,-1,-1
474,475,475,475,475,475,475,475,475,475,475,475,475,475,475,475,475,475,475,475,475,475,475,475,475,476,2381,2382,12644,12805,2382,2382,2382,12805,12805,2382,2382,2382,2382,2382,2382,2382,2382,2541,13,14,1900,1900,1900,1900,1900,1900,1900,1900,1900,1900,172,13966,13967,13967,13968,-1,-1,-1,-1,-1,-1,-1,-1,-1,-1,-1,-1,13966,13967,13967,13968,-1,-1,-1,-1,-1,-1,-1,-1,13966,13967,13967,13968,-1,-1,-1,-1,-1,-1,-1,2847,2849,-1,-1
474,475,475,475,475,475,475,475,475,475,475,475,475,475,475,475,475,475,475,475,475,475,475,475,475,476,2381,2382,12644,12805,12805,12805,12805,12805,12805,2382,2382,2382,2382,2382,2382,2382,2541,13,1900,1900,1900,1900,1900,1900,1900,1900,1900,1900,1900,1900,172,13966,13967,13967,13968,-1,2849,-1,-1,-1,-1,-1,-1,-1,-1,-1,-1,13966,13967,13967,13968,-1,-1,-1,-1,-1,-1,-1,-1,13966,13967,13967,13968,-1,-1,-1,-1,-1,-1,-1,-1,2848,-1,-1
474,475,475,475,475,-1,-1,-1,475,475,475,475,475,475,475,475,475,475,475,475,475,475,475,475,475,476,2381,2382,2382,2382,2382,2382,2382,2382,2382,2382,2382,2382,2382,2382,2540,2541,13,1900,1900,1900,1900,1900,1900,1900,1900,1900,1900,1900,1900,1900,172,13966,13967,13967,13967,13809,13809,13809,13809,13809,13809,13809,13809,13809,13809,13809,13809,13967,13967,13967,13968,-1,13808,13809,13809,13809,13809,13809,13809,13967,13967,13967,13968,-1,-1,-1,-1,-1,-1,-1,-1,-1,-1,-1
474,475,475,475,475,475,475,475,475,475,475,475,475,475,475,475,475,475,475,475,475,633,633,633,633,634,2539,2540,2540,2540,2540,2540,2540,2540,2540,2540,2540,2540,2540,2541,13,14,1900,1900,1900,1900,1900,1900,1900,1900,1900,1900,1900,1900,1900,1900,172,13966,13967,13967,13967,13967,13967,13967,13967,13967,13967,13967,13967,13967,13967,13967,13967,13967,13967,13967,13968,-1,13966,13967,13967,13967,13967,13967,13967,13967,13967,13967,13968,-1,-1,-1,-1,-1,-1,-1,-1,-1,-1,-1
474,475,475,475,475,475,475,475,475,475,475,475,475,475,475,475,475,475,475,475,476,13,14,14,14,14,14,14,14,14,14,14,14,14,14,14,14,14,14,14,1900,1900,1900,1900,1900,1900,1900,1900,1900,1900,1900,1900,1900,1900,1900,1900,172,13966,13967,13967,13967,13967,13967,13967,13967,13967,13967,13967,13967,13967,13967,13967,13967,13967,13967,13967,13968,-1,13966,13967,13967,13967,13967,13967,13967,13967,13967,13967,13968,-1,-1,-1,-1,-1,-1,-1,-1,-1,-1,-1
474,475,475,475,475,475,475,475,475,475,475,475,475,475,475,475,475,475,475,475,634,172,1900,1900,1900,1900,1900,1900,1900,1900,1900,1900,1900,1900,1900,1900,1900,1900,1900,1900,1900,1900,1900,1900,1900,1900,1900,1900,1900,1900,1900,1900,1900,1900,1900,1900,172,14125,14125,14125,14125,14125,14125,14125,14125,14125,14125,14125,14125,14125,14125,14125,14125,14125,14125,14125,14126,-1,14124,14125,13967,13967,14125,14125,14125,14125,14125,14125,13967,-1,-1,-1,-1,-1,-1,-1,-1,-1,-1,-1
474,475,475,475,475,475,475,475,475,475,475,475,475,475,475,475,475,475,475,476,13,1900,1900,1900,1900,1900,1900,1900,1900,1900,1900,1900,1900,1900,1900,1900,1900,1900,1900,1900,1900,1900,1900,1900,1900,1900,1900,1900,1900,1900,1900,1900,1900,1900,1900,1900,172,14,14,14,14,14,-1,-1,-1,-1,-1,-1,-1,-1,-1,-1,-1,-1,-1,-1,-1,-1,-1,-1,13966,13968,-1,-1,-1,-1,-1,-1,-1,-1,-1,-1,-1,-1,-1,-1,-1,-1,-1,-1
474,475,475,475,475,475,475,475,475,475,475,475,475,475,475,475,475,475,475,476,171,1900,1900,1900,1900,1900,1900,1900,1900,1900,1900,1900,1900,1900,1900,1900,1900,1900,1900,1900,1900,1900,1900,1900,1900,1900,1900,1900,1900,1900,1900,1900,1900,1900,1900,1900,172,172,172,172,172,-1,-1,-1,-1,-1,-1,-1,-1,-1,-1,-1,-1,-1,-1,-1,-1,-1,-1,-1,13966,13968,-1,-1,-1,-1,-1,-1,-1,-1,-1,-1,-1,-1,-1,-1,-1,-1,-1,-1
474,475,475,475,475,475,475,475,475,475,475,475,475,475,475,475,475,475,475,634,171,1900,1900,2058,2058,2058,2058,2058,2058,2058,2058,2058,2058,1900,1900,1900,1900,1900,1900,1900,1900,1900,1900,1900,1900,1900,1900,1900,1900,1900,1900,1900,1900,1900,1900,1900,172,172,172,172,172,-1,-1,-1,-1,-1,-1,-1,-1,-1,-1,-1,-1,-1,-1,-1,-1,-1,-1,-1,13966,13968,-1,-1,-1,-1,-1,-1,-1,-1,-1,-1,-1,-1,-1,-1,-1,-1,-1,-1
474,475,475,475,475,475,475,475,475,475,475,475,475,475,475,475,475,475,476,13,1900,1900,1900,-1,-1,-1,-1,-1,-1,-1,-1,-1,-1,2058,1900,1900,1900,1900,1900,1900,1900,1900,1900,1900,1900,1900,1900,1900,1900,1900,1900,1900,1900,1900,1900,1900,172,172,172,172,172,-1,2058,-1,-1,-1,-1,-1,-1,-1,-1,-1,-1,-1,-1,-1,-1,-1,-1,-1,-1,-1,-1,-1,-1,-1,-1,-1,-1,-1,-1,-1,-1,-1,-1,-1,-1,-1,-1,-1
474,475,475,475,475,475,475,475,475,475,475,475,475,475,475,475,475,475,476,171,1900,1900,1900,-1,-1,-1,-1,-1,-1,-1,-1,-1,-1,-1,2058,2058,2058,2058,2058,2058,2058,2058,2058,2058,2058,2058,2058,2058,2058,2058,2058,2058,2058,2058,2058,2058,2058,2058,2058,2058,2058,2058,2058,2058,2058,2058,2058,-1,-1,-1,-1,-1,-1,-1,-1,-1,-1,-1,-1,-1,-1,-1,-1,-1,-1,-1,-1,-1,-1,-1,-1,-1,-1,-1,-1,-1,-1,-1,-1,-1
474,475,475,475,475,475,475,475,475,475,475,475,475,475,475,475,475,475,476,171,1900,1900,1900,-1,-1,-1,-1,-1,-1,-1,-1,-1,-1,-1,-1,-1,-1,-1,-1,-1,-1,-1,-1,-1,-1,-1,-1,-1,-1,-1,-1,-1,-1,-1,-1,-1,-1,-1,13182,13182,13182,13340,-1,-1,-1,-1,-1,-1,-1,-1,-1,-1,-1,-1,-1,-1,-1,-1,-1,-1,-1,-1,-1,-1,-1,-1,-1,-1,-1,-1,-1,-1,13182,-1,13182,13182,-1,-1,-1,-1
474,475,475,475,475,475,475,475,475,475,475,475,475,475,475,475,475,475,476,171,1900,1900,-1,-1,-1,-1,-1,-1,-1,-1,-1,-1,-1,-1,-1,-1,-1,-1,-1,-1,-1,-1,-1,-1,-1,-1,-1,-1,-1,-1,-1,-1,-1,-1,-1,-1,-1,-1,13340,13340,13340,-1,-1,-1,-1,-1,-1,-1,-1,-1,-1,-1,-1,-1,-1,-1,-1,-1,-1,-1,-1,-1,-1,-1,-1,-1,-1,-1,-1,-1,13340,13340,13340,13340,13340,13340,13340,-1,-1,-1
474,475,475,475,475,475,475,475,475,475,475,475,475,475,475,475,475,475,476,171,1900,1900,-1,-1,-1,-1,-1,-1,-1,-1,-1,-1,-1,-1,-1,-1,-1,-1,-1,-1,-1,-1,-1,-1,-1,-1,-1,-1,-1,-1,-1,-1,-1,-1,-1,-1,-1,-1,13340,13340,13340,-1,-1,-1,-1,-1,-1,-1,-1,-1,-1,-1,-1,-1,-1,-1,-1,-1,-1,-1,-1,-1,-1,-1,-1,-1,-1,-1,-1,-1,13340,13340,13340,13340,13340,13340,-1,-1,-1,-1
632,633,633,633,633,633,633,633,633,633,633,633,633,633,633,633,633,633,634,171,1900,1900,-1,-1,-1,-1,-1,-1,-1,-1,-1,-1,-1,-1,-1,-1,-1,-1,-1,-1,-1,-1,-1,-1,-1,-1,-1,-1,-1,-1,-1,-1,-1,-1,-1,-1,-1,-1,13340,13340,13340,-1,-1,-1,-1,-1,-1,-1,-1,-1,-1,-1,-1,-1,-1,-1,-1,-1,-1,-1,-1,-1,-1,-1,-1,-1,-1,-1,-1,-1,-1,-1,13340,13340,13340,13340,13340,13340,13340,13340
-1,-1,-1,-1,-1,-1,-1,-1,-1,-1,-1,-1,-1,-1,-1,-1,-1,-1,-1,171,1900,1900,-1,-1,-1,-1,-1,-1,-1,-1,-1,-1,-1,-1,-1,-1,-1,-1,-1,-1,-1,-1,-1,-1,-1,-1,-1,-1,-1,-1,-1,-1,-1,-1,-1,-1,-1,-1,13340,13340,13340,13340,13340,13340,13340,13340,13340,13340,-1,-1,-1,-1,-1,-1,-1,-1,-1,-1,-1,-1,-1,-1,-1,-1,-1,-1,-1,-1,-1,-1,-1,-1,13340,13340,13340,-1,-1,-1,13340,13340
-1,-1,-1,-1,-1,-1,-1,-1,-1,-1,-1,-1,-1,-1,-1,-1,-1,-1,-1,171,1900,1900,1900,-1,-1,-1,-1,-1,-1,-1,-1,-1,-1,-1,-1,-1,-1,-1,-1,-1,-1,-1,-1,-1,-1,-1,-1,-1,-1,-1,-1,-1,-1,-1,-1,-1,-1,-1,13340,13340,13340,13340,13340,13340,13340,13340,13340,13340,13340,-1,-1,-1,-1,-1,-1,-1,-1,-1,-1,-1,-1,-1,-1,-1,-1,-1,-1,-1,-1,-1,-1,-1,13340,13340,13340,13340,13340,13340,13340,13340
-1,-1,475,475,475,475,475,475,475,475,475,475,475,475,475,475,475,-1,-1,171,1900,1900,1900,-1,-1,-1,-1,-1,-1,-1,-1,-1,-1,-1,-1,-1,-1,-1,-1,-1,-1,-1,-1,-1,-1,-1,-1,-1,-1,-1,-1,-1,-1,-1,-1,-1,-1,13340,13340,13340,13340,13340,13340,13340,13340,13340,13340,13340,-1,-1,-1,-1,-1,-1,-1,-1,-1,-1,-1,-1,-1,-1,-1,-1,-1,-1,-1,-1,-1,-1,-1,-1,-1,-1,-1,-1,-1,-1,-1,-1
-1,-1,475,-1,-1,-1,-1,-1,-1,-1,-1,-1,-1,-1,-1,-1,475,-1,-1,171,1900,1900,1900,-1,-1,-1,-1,-1,-1,-1,-1,-1,-1,-1,-1,-1,-1,-1,-1,-1,-1,-1,-1,-1,-1,-1,-1,-1,-1,-1,-1,-1,-1,-1,-1,-1,-1,-1,13340,13340,13340,-1,-1,-1,-1,-1,-1,-1,-1,-1,-1,13340,13340,13340,13340,-1,-1,-1,-1,-1,-1,-1,-1,-1,-1,-1,-1,-1,-1,-1,-1,-1,-1,-1,-1,-1,-1,-1,-1,-1
-1,-1,475,-1,-1,-1,-1,-1,-1,-1,-1,-1,-1,-1,-1,-1,475,-1,-1,171,1900,1900,1900,-1,-1,-1,-1,-1,-1,-1,-1,-1,-1,-1,-1,-1,-1,-1,-1,-1,-1,-1,-1,-1,-1,13340,13340,13340,13340,13340,13340,13340,13340,13340,13340,13340,13340,13340,13340,13340,13340,-1,-1,-1,-1,-1,-1,-1,-1,-1,-1,-1,13340,13340,13340,-1,-1,-1,-1,-1,-1,-1,-1,-1,-1,-1,-1,-1,-1,-1,-1,-1,-1,-1,-1,-1,-1,-1,-1,-1
-1,-1,475,-1,-1,11916,11922,11922,11922,11922,11922,11922,11922,11922,-1,-1,475,-1,-1,171,1900,1900,1900,-1,-1,-1,-1,-1,-1,-1,-1,-1,-1,-1,-1,-1,-1,-1,-1,-1,-1,-1,-1,-1,-1,13340,13340,13340,13340,13340,13340,13340,13340,13340,13340,13340,13340,13340,13340,13340,13340,-1,-1,-1,-1,-1,-1,-1,-1,-1,-1,-1,13340,13340,13340,-1,-1,-1,-1,-1,-1,-1,-1,-1,-1,-1,-1,-1,-1,-1,-1,-1,-1,-1,-1,-1,-1,-1,-1,-1
-1,-1,475,-1,-1,11922,11922,11922,11922,11922,11922,11922,11922,11922,-1,-1,475,-1,-1,171,1900,1900,1900,1900,-1,-1,-1,-1,-1,-1,-1,-1,-1,-1,-1,-1,-1,-1,-1,-1,-1,-1,-1,-1,-1,13340,13340,13340,13340,13340,13340,13340,13340,13340,13340,13340,13340,13340,13340,13340,13340,-1,-1,-1,-1,-1,-1,-1,-1,-1,13340,13340,13340,13340,13340,-1,-1,-1,-1,-1,-1,-1,-1,-1,-1,-1,-1,-1,-1,-1,-1,-1,-1,-1,-1,-1,-1,-1,-1,-1
-1,-1,475,-1,-1,11922,11922,11922,11922,11922,11922,11922,11922,11922,-1,-1,475,-1,-1,171,1900,1900,1900,1900,-1,-1,-1,-1,-1,-1,-1,-1,-1,-1,-1,-1,-1,-1,-1,-1,-1,-1,-1,-1,-1,-1,-1,-1,-1,-1,-1,-1,-1,-1,-1,-1,-1,-1,13340,13340,13340,-1,-1,-1,-1,-1,-1,-1,-1,-1,13340,-1,13340,13340,13340,-1,-1,-1,-1,-1,-1,-1,-1,-1,-1,-1,-1,-1,-1,-1,-1,-1,-1,-1,-1,-1,-1,-1,-1,-1
-1,-1,475,-1,-1,11922,11922,11922,11922,11922,11922,11922,11922,11922,-1,-1,475,-1,-1,171,1900,1900,1900,1900,-1,-1,-1,-1,-1,-1,-1,-1,-1,-1,-1,-1,-1,-1,-1,-1,-1,-1,-1,-1,-1,-1,-1,-1,-1,-1,-1,-1,-1,-1,-1,-1,-1,-1,13340,13340,13340,-1,-1,-1,-1,-1,-1,-1,-1,-1,13340,-1,13340,13340,13340,-1,-1,-1,13340,-1,-1,-1,-1,-1,-1,-1,-1,-1,-1,-1,-1,-1,-1,-1,-1,-1,-1,-1,-1,-1
-1,-1,475,-1,-1,11922,11922,11922,11922,11922,11922,11922,11922,11922,-1,-1,475,-1,-1,171,1900,1900,1900,1900,-1,-1,-1,-1,-1,-1,-1,-1,-1,-1,-1,-1,-1,-1,-1,-1,-1,-1,-1,-1,-1,-1,-1,-1,-1,-1,-1,-1,-1,-1,-1,-1,-1,-1,13340,13340,13340,13340,13340,13340,13340,13340,13340,13340,13340,13340,13340,13340,13340,13340,13340,13340,13340,13340,13340,13340,13340,-1,-1,-1,-1,-1,-1,-1,-1,-1,-1,-1,-1,-1,-1,-1,-1,-1,-1,-1
-1,-1,475,-1,-1,11922,11922,11922,11922,11922,11922,11922,11922,11922,-1,-1,475,-1,-1,329,1900,1900,1900,1900,-1,-1,-1,-1,-1,-1,-1,-1,-1,-1,-1,-1,-1,-1,-1,-1,-1,-1,-1,-1,-1,-1,-1,-1,-1,-1,-1,-1,-1,-1,-1,-1,-1,13340,13340,13340,13340,13340,13340,13340,13340,13340,13340,13340,13340,13340,13340,13340,13340,13340,13340,13340,13340,13340,13340,13340,13340,-1,-1,-1,-1,-1,-1,-1,-1,-1,-1,-1,-1,-1,-1,-1,-1,-1,-1,-1
-1,-1,475,-1,-1,11922,11922,11922,11922,11922,11922,11922,11922,11922,-1,-1,475,-1,-1,-1,329,1900,1900,1900,1900,-1,-1,-1,-1,-1,-1,-1,-1,-1,-1,-1,-1,-1,-1,-1,-1,-1,-1,-1,-1,-1,-1,-1,-1,-1,-1,-1,-1,-1,-1,-1,-1,13340,13340,13340,13340,13340,13340,13340,13340,13340,13340,13340,13340,13340,13340,13340,13340,13340,13340,13340,13340,13340,13340,13340,-1,-1,-1,-1,-1,-1,-1,-1,-1,-1,-1,-1,-1,-1,-1,-1,-1,-1,-1,-1
-1,-1,475,-1,12233,12234,12235,11922,11922,11922,11922,11922,11922,11922,-1,-1,475,-1,-1,-1,-1,329,1900,1900,1900,1900,1900,-1,-1,-1,-1,-1,-1,-1,-1,-1,-1,-1,-1,-1,-1,-1,-1,-1,-1,-1,-1,-1,-1,-1,-1,-1,-1,-1,-1,-1,-1,13340,13340,13340,13340,-1,-1,-1,-1,-1,-1,-1,-1,-1,-1,-1,-1,-1,-1,-1,-1,-1,-1,-1,-1,-1,-1,-1,-1,-1,-1,-1,-1,-1,-1,-1,-1,-1,-1,-1,-1,-1,-1,-1
-1,-1,475,-1,12391,12392,12393,11922,11922,11922,11922,11922,11922,11922,-1,-1,475,-1,-1,-1,-1,-1,329,1900,1900,1900,1900,1900,1900,-1,-1,-1,-1,-1,-1,-1,-1,-1,-1,-1,-1,-1,-1,-1,-1,-1,-1,-1,-1,-1,-1,-1,-1,-1,-1,-1,-1,13340,13340,13340,13340,-1,-1,-1,-1,-1,-1,-1,-1,-1,-1,-1,-1,-1,-1,-1,-1,-1,-1,-1,-1,-1,-1,-1,-1,-1,-1,-1,-1,-1,-1,-1,-1,-1,-1,-1,-1,-1,-1,-1
-1,-1,475,-1,12549,11922,12551,11922,11922,11922,11922,11922,11922,11922,-1,-1,475,-1,-1,-1,-1,-1,-1,329,1900,1900,1900,1900,1900,1900,-1,-1,-1,-1,-1,-1,-1,-1,-1,-1,-1,-1,-1,-1,-1,-1,-1,-1,-1,-1,-1,-1,-1,-1,-1,-1,-1,-1,13340,13340,13340,-1,-1,-1,-1,-1,-1,-1,-1,-1,-1,-1,-1,-1,-1,-1,-1,-1,-1,-1,-1,-1,-1,-1,-1,-1,-1,-1,-1,-1,-1,-1,-1,-1,-1,-1,-1,-1,-1,-1
-1,-1,475,-1,-1,-1,-1,-1,-1,-1,-1,-1,-1,-1,-1,-1,475,-1,-1,-1,-1,-1,-1,-1,329,1900,1900,1900,1900,1900,1900,-1,-1,-1,-1,-1,-1,-1,-1,-1,-1,-1,-1,-1,-1,-1,-1,-1,-1,-1,-1,-1,-1,-1,-1,-1,-1,-1,13340,13340,13340,-1,-1,-1,-1,-1,-1,-1,-1,-1,-1,-1,-1,-1,-1,-1,-1,-1,-1,-1,-1,-1,-1,-1,-1,-1,-1,-1,-1,-1,-1,-1,-1,-1,-1,-1,-1,-1,-1,-1
-1,-1,475,-1,-1,-1,-1,-1,-1,-1,-1,-1,-1,-1,-1,-1,475,-1,-1,-1,-1,635,-1,-1,-1,329,330,1900,1900,1900,1900,1900,-1,-1,-1,-1,-1,-1,-1,-1,-1,-1,-1,-1,-1,-1,-1,-1,-1,-1,-1,-1,-1,-1,-1,-1,-1,-1,13340,13340,13340,-1,-1,-1,-1,-1,-1,-1,-1,-1,-1,-1,-1,-1,-1,-1,-1,-1,-1,-1,-1,-1,-1,-1,-1,-1,-1,-1,-1,-1,-1,-1,-1,-1,-1,-1,-1,-1,-1,-1
-1,-1,475,-1,-1,-1,-1,-1,-1,-1,-1,-1,-1,-1,-1,-1,475,-1,-1,-1,-1,-1,-1,-1,-1,-1,-1,329,330,1900,1900,1900,1900,1900,-1,-1,-1,-1,-1,-1,-1,-1,-1,-1,-1,-1,-1,14,14,14,14,14,14,14,14,14,14,14,14,14,14,14,14,14,14,14,14,14,14,15,-1,-1,-1,-1,-1,-1,-1,-1,-1,-1,-1,-1,-1,-1,-1,-1,-1,-1,-1,-1,-1,-1,-1,-1,-1,-1,-1,-1,-1,-1
-1,-1,475,-1,-1,-1,-1,-1,-1,-1,-1,-1,-1,-1,-1,-1,475,-1,-1,-1,-1,-1,-1,637,-1,-1,-1,-1,-1,329,330,-1,-1,-1,-1,-1,-1,-1,-1,-1,-1,-1,-1,-1,-1,-1,-1,172,172,172,172,172,172,172,172,172,172,172,172,172,172,172,172,172,172,172,172,172,172,172,14,15,-1,-1,-1,-1,-1,-1,-1,-1,-1,-1,-1,-1,-1,-1,-1,-1,-1,-1,-1,-1,-1,-1,-1,-1,-1,-1,-1,-1
-1,-1,475,-1,-1,-1,-1,-1,-1,-1,-1,-1,-1,-1,-1,-1,475,-1,-1,1902,-1,-1,-1,-1,-1,-1,-1,-1,-1,-1,-1,329,330,330,330,330,330,330,330,330,330,330,330,330,330,330,-1,172,172,172,172,172,172,172,172,172,172,172,172,172,172,172,172,172,172,172,172,172,172,172,172,172,15,-1,-1,-1,-1,-1,-1,-1,-1,-1,-1,-1,-1,-1,-1,-1,-1,-1,-1,-1,-1,-1,-1,-1,-1,-1,-1,-1
-1,-1,475,-1,-1,-1,-1,-1,-1,-1,-1,-1,-1,-1,-1,-1,475,-1,-1,1902,1902,-1,-1,-1,-1,-1,-1,-1,-1,-1,-1,-1,-1,-1,-1,-1,-1,-1,-1,-1,-1,-1,-1,-1,-1,-1,329,330,330,330,330,330,172,172,172,172,172,172,172,172,172,172,172,172,172,172,172,172,172,172,172,172,172,15,-1,-1,-1,-1,-1,-1,-1,-1,-1,-1,-1,-1,-1,-1,-1,-1,-1,-1,-1,-1,-1,-1,-1,-1,-1,-1
-1,-1,475,-1,-1,13982,13982,13982,-1,-1,-1,-1,-1,-1,-1,-1,475,-1,-1,1902,1902,1902,-1,-1,-1,-1,-1,-1,-1,-1,636,-1,-1,-1,-1,-1,-1,635,-1,-1,-1,-1,-1,-1,-1,-1,-1,-1,-1,-1,-1,-1,330,330,330,330,330,172,172,172,172,172,172,172,330,330,330,330,330,172,172,172,172,172,14,14,14,15,-1,-1,-1,-1,-1,-1,-1,-1,-1,-1,-1,-1,-1,-1,-1,-1,-1,-1,-1,-1,-1,-1
-1,-1,475,-1,-1,-1,-1,-1,-1,-1,-1,-1,-1,-1,-1,-1,475,-1,-1,1902,1902,1902,1902,-1,-1,-1,635,-1,-1,-1,-1,-1,-1,636,-1,-1,-1,-1,-1,-1,-1,-1,637,-1,-1,-1,-1,636,-1,-1,-1,-1,-1,-1,-1,-1,-1,329,330,330,330,330,330,331,-1,-1,-1,-1,-1,329,330,172,172,172,172,172,172,172,14,14,14,15,-1,-1,-1,-1,-1,-1,-1,-1,-1,-1,-1,-1,-1,-1,-1,-1,-1,-1
-1,-1,475,-1,-1,-1,-1,-1,-1,-1,-1,-1,-1,-1,-1,-1,475,-1,-1,1902,1902,1902,1902,1902,-1,-1,-1,-1,-1,-1,-1,-1,-1,-1,-1,-1,-1,-1,-1,-1,-1,-1,-1,-1,-1,-1,-1,-1,-1,-1,-1,-1,-1,-1,-1,-1,-1,-1,-1,-1,-1,-1,-1,-1,-1,-1,-1,-1,-1,-1,-1,329,172,172,172,172,172,172,172,172,172,172,14,14,14,14,14,15,-1,-1,-1,-1,-1,-1,-1,-1,-1,-1,-1,-1
-1,-1,475,-1,-1,-1,-1,-1,-1,-1,-1,-1,-1,-1,-1,-1,475,-1,-1,1902,1902,1902,1902,1902,1902,-1,-1,-1,-1,-1,-1,635,-1,-1,-1,637,-1,-1,635,-1,-1,636,-1,-1,-1,-1,636,-1,-1,637,-1,-1,636,-1,-1,-1,-1,636,-1,-1,-1,-1,-1,-1,-1,-1,635,-1,-1,-1,-1,-1,329,172,172,172,172,172,172,172,172,172,172,172,172,172,172,173,-1,-1,-1,-1,-1,-1,-1,-1,-1,-1,-1,-1
-1,-1,475,-1,-1,-1,-1,-1,-1,-1,-1,-1,-1,-1,-1,-1,475,-1,-1,1902,1902,1902,1902,1902,1902,1902,-1,-1,-1,-1,-1,-1,-1,-1,-1,-1,-1,-1,-1,-1,-1,-1,-1,-1,-1,-1,-1,-1,-1,-1,-1,-1,-1,-1,-1,637,-1,-1,-1,-1,635,-1,637,637,-1,-1,-1,-1,-1,-1,-1,-1,-1,329,330,172,172,172,172,172,172,172,172,172,172,172,172,172,14,15,-1,-1,-1,-1,-1,-1,-1,-1,13,14
-1,-1,475,-1,-1,-1,-1,-1,-1,-1,-1,-1,-1,-1,-1,-1,475,-1,-1,1902,1902,1902,1902,1902,1902,1902,1902,-1,-1,-1,-1,-1,-1,-1,-1,-1,-1,-1,-1,-1,-1,-1,-1,-1,-1,-1,-1,-1,-1,-1,-1,-1,-1,-1,-1,-1,-1,-1,-1,-1,-1,-1,-1,-1,-1,-1,-1,-1,-1,-1,-1,637,-1,-1,-1,329,330,172,172,172,172,172,172,172,172,172,172,172,172,172,14,14,14,14,14,14,14,14,172,172
-1,-1,475,-1,-1,-1,-1,-1,-1,-1,-1,-1,-1,-1,-1,-1,475,-1,3432,13805,13806,13806,13806,13806,13806,13806,13806,13806,13806,13806,13806,13806,13806,13806,13806,13806,13806,13806,13806,13807,-1,-1,-1,-1,-1,-1,-1,-1,-1,-1,-1,-1,-1,-1,-1,-1,-1,-1,-1,-1,-1,-1,-1,-1,-1,-1,-1,-1,-1,-1,-1,-1,-1,-1,-1,-1,-1,329,330,330,172,172,172,172,172,172,172,172,172,172,172,172,172,172,172,172,172,172,172,172
-1,-1,475,475,475,475,475,475,475,475,475,475,475,475,475,475,475,-1,3432,13963,13964,13964,13964,13964,13964,13964,13964,13964,13964,13964,13964,13964,13964,13964,13964,13964,13964,13964,13964,13965,-1,-1,-1,-1,-1,-1,-1,-1,-1,-1,-1,-1,-1,-1,-1,-1,-1,-1,-1,-1,-1,-1,-1,-1,-1,-1,-1,-1,-1,635,-1,-1,-1,635,-1,636,-1,-1,-1,-1,329,330,172,172,172,172,172,172,172,172,172,172,172,172,172,172,172,172,172,172
-1,-1,-1,-1,-1,-1,-1,-1,-1,-1,-1,-1,-1,-1,-1,-1,-1,-1,3432,13963,13964,13964,13964,13964,13964,13964,13964,13964,13964,13964,13964,13964,13964,13964,13964,13964,13964,13964,13964,13965,-1,-1,-1,-1,-1,-1,-1,-1,-1,-1,-1,-1,-1,-1,-1,-1,-1,-1,-1,-1,-1,-1,-1,-1,-1,-1,-1,-1,-1,-1,-1,637,-1,-1,-1,-1,-1,-1,635,-1,-1,-1,329,330,330,172,172,172,172,172,172,172,172,172,172,172,172,172,172,172
3429,13806,3272,-1,-1,-1,-1,-1,-1,-1,3432,3432,3432,3432,3432,3432,3432,3432,3432,13963,13964,13964,13964,13964,13964,13964,13964,13964,13964,13964,13964,13964,13964,13964,13964,13964,13964,13964,13964,13965,-1,-1,-1,-1,-1,-1,-1,-1,-1,-1,-1,-1,-1,-1,-1,-1,-1,-1,-1,-1,-1,-1,-1,-1,-1,-1,-1,-1,-1,-1,-1,-1,-1,-1,-1,-1,-1,-1,-1,-1,-1,-1,-1,-1,-1,329,330,330,330,172,172,172,172,172,172,172,172,172,172,172
13805,13806,13806,13806,13806,13806,13806,13806,13806,13806,13806,13806,13806,13806,13806,13806,13806,13806,13806,13964,13964,13964,13964,13964,13964,13964,13964,13964,13964,13964,13964,13964,13964,13964,13964,13964,13964,13964,13964,13965,-1,-1,-1,-1,-1,-1,-1,-1,-1,-1,-1,-1,-1,-1,-1,-1,-1,-1,-1,-1,-1,-1,-1,-1,-1,-1,-1,-1,-1,-1,-1,-1,-1,-1,-1,-1,-1,-1,-1,-1,-1,636,-1,-1,-1,-1,-1,-1,-1,329,330,330,330,330,330,330,330,330,330,330
13963,13964,13964,13964,13964,13964,13964,13964,13964,13964,13964,13964,13964,13964,13964,13964,13964,13964,13964,13964,13964,13964,13964,13964,13964,13964,13964,13964,13964,13964,13964,13964,13964,13964,13964,13964,13964,13964,13964,13965,-1,-1,-1,-1,-1,-1,-1,-1,-1,-1,-1,-1,-1,-1,-1,-1,-1,-1,-1,-1,-1,-1,-1,-1,-1,-1,-1,-1,-1,-1,-1,-1,-1,-1,-1,-1,-1,-1,-1,-1,-1,-1,-1,-1,-1,-1,-1,-1,-1,-1,-1,-1,-1,-1,-1,-1,-1,-1,-1,-1
13963,13964,13964,13964,13964,13964,13964,13964,13964,13964,13964,13964,13964,13964,13964,13964,13964,13964,13964,13964,13964,13964,13964,13964,13964,13964,13964,13964,13964,13964,13964,13964,13964,13964,13964,13964,13964,13964,13964,13965,-1,-1,-1,-1,-1,-1,-1,-1,-1,-1,-1,-1,-1,-1,-1,-1,-1,-1,-1,-1,-1,-1,-1,-1,-1,-1,-1,-1,-1,-1,-1,-1,-1,-1,-1,-1,-1,-1,-1,-1,-1,-1,-1,-1,-1,-1,-1,-1,-1,-1,-1,-1,-1,-1,-1,-1,-1,-1,-1,-1
13963,13964,13964,13964,13964,13964,13964,13964,13964,13964,13964,13964,13964,13964,13964,13964,13964,13964,13964,13964,13964,13964,13964,13964,13964,13964,13964,13964,13964,13964,13964,13964,13964,13964,13964,13964,13964,13964,13964,13965,-1,-1,-1,-1,-1,-1,-1,-1,-1,-1,-1,-1,-1,-1,-1,-1,-1,-1,-1,-1,-1,-1,-1,-1,-1,-1,-1,-1,-1,-1,-1,-1,-1,-1,-1,-1,-1,-1,-1,-1,-1,-1,-1,-1,-1,-1,-1,-1,-1,-1,-1,-1,-1,-1,-1,-1,-1,-1,-1,-1
13963,13964,13964,13964,13964,13964,13964,13964,13964,13964,13964,13964,13964,13964,13964,13964,13964,13964,13964,13964,13964,13964,13964,13964,13964,13964,13964,13964,13964,13964,13964,13964,13964,13964,13964,13964,13964,13964,13964,13965,-1,-1,-1,-1,-1,-1,-1,-1,-1,-1,-1,-1,-1,-1,-1,-1,-1,-1,-1,-1,-1,-1,-1,-1,-1,-1,-1,-1,-1,-1,-1,-1,-1,-1,-1,-1,-1,-1,-1,-1,-1,-1,-1,-1,-1,-1,-1,-1,-1,-1,-1,-1,-1,-1,-1,-1,-1,-1,-1,-1
13963,13964,13964,13964,13964,13964,13964,13964,13964,13964,13964,13964,13964,13964,13964,13964,13964,13964,13964,13964,13964,13964,13964,13964,13964,13964,13964,13964,13964,13964,13964,13964,13964,13964,13964,13964,13964,13964,13964,13965,-1,-1,-1,-1,-1,-1,-1,-1,-1,-1,-1,-1,-1,-1,-1,-1,-1,-1,-1,-1,-1,-1,-1,-1,-1,-1,-1,-1,-1,-1,-1,-1,-1,-1,-1,-1,-1,-1,-1,-1,-1,-1,-1,-1,-1,-1,-1,-1,-1,-1,-1,-1,-1,-1,-1,-1,-1,-1,-1,-1
13963,13964,13964,13964,13964,13964,13964,13964,13964,13964,13964,13964,13964,13964,13964,13964,13964,13964,13964,13964,13964,13964,13964,13964,13964,13964,13964,13964,13964,13964,13964,13964,13964,13964,13964,13964,13964,13964,13964,13965,-1,-1,-1,-1,-1,-1,-1,-1,-1,-1,-1,-1,-1,-1,-1,-1,-1,-1,-1,-1,-1,-1,-1,-1,-1,-1,-1,-1,-1,-1,-1,-1,-1,-1,-1,-1,-1,-1,-1,-1,-1,-1,-1,-1,-1,-1,-1,-1,-1,-1,-1,-1,-1,-1,-1,-1,-1,-1,-1,-1
13963,13964,13964,13964,13964,13964,13964,13964,13964,13964,13964,13964,13964,13964,13964,13964,13964,13964,13964,13964,13964,13964,13964,13964,13964,13964,13964,13964,13964,13964,13964,13964,13964,13964,13964,13964,13964,13964,13964,13965,-1,-1,-1,-1,-1,-1,-1,-1,-1,-1,-1,-1,-1,-1,-1,-1,-1,-1,-1,-1,-1,-1,-1,-1,-1,-1,-1,-1,-1,-1,-1,-1,-1,-1,-1,-1,-1,-1,-1,-1,-1,-1,-1,-1,-1,-1,-1,-1,-1,-1,-1,-1,-1,-1,-1,-1,-1,-1,-1,-1
13963,13964,13964,13964,13964,13964,13964,13964,13964,13964,13964,13964,13964,13964,13964,13964,13964,13964,13964,13964,13964,13964,13964,13964,13964,13964,13964,13964,13964,13964,13964,13964,13964,13964,13964,13964,13964,13964,13964,13965,-1,-1,-1,-1,-1,-1,-1,-1,-1,-1,-1,-1,-1,-1,-1,-1,-1,-1,-1,-1,-1,-1,-1,-1,-1,-1,-1,-1,-1,-1,-1,-1,-1,-1,-1,-1,-1,-1,-1,-1,-1,-1,-1,-1,-1,-1,-1,-1,-1,-1,-1,-1,-1,-1,-1,-1,-1,-1,-1,-1
13963,13964,13964,13964,13964,13964,13964,13964,13964,13964,13964,13964,13964,13964,13964,13964,13964,13964,13964,13964,13964,13964,13964,13964,13964,13964,13964,13964,13964,13964,13964,13964,13964,13964,13964,13964,13964,13964,13964,13965,-1,-1,-1,-1,-1,-1,-1,-1,-1,-1,-1,-1,-1,-1,-1,-1,-1,-1,-1,-1,-1,-1,-1,-1,-1,-1,-1,-1,-1,-1,-1,-1,-1,-1,-1,-1,-1,-1,-1,-1,-1,-1,-1,-1,-1,-1,-1,-1,-1,-1,-1,-1,-1,-1,-1,-1,-1,-1,-1,-1
13963,13964,13964,13964,13964,13964,13964,13964,13964,13964,13964,13964,13964,13964,13964,13964,13964,13964,13964,13964,13964,13964,13964,13964,13964,13964,13964,13964,13964,13964,13964,13964,13964,13964,13964,13964,13964,13964,13964,13965,-1,-1,-1,-1,-1,-1,-1,-1,-1,-1,-1,-1,-1,-1,-1,-1,-1,-1,-1,-1,-1,-1,-1,-1,-1,-1,-1,-1,-1,-1,-1,-1,-1,-1,-1,-1,-1,-1,-1,-1,-1,-1,-1,-1,-1,-1,-1,-1,-1,-1,-1,-1,-1,-1,-1,-1,-1,-1,-1,-1
13963,13964,13964,13964,13964,13964,13964,13964,13964,13964,13964,13964,13964,13964,13964,13964,13964,13964,13964,13964,13964,13964,13964,13964,13964,13964,13964,13964,13964,13964,13964,13964,13964,13964,13964,13964,13964,13964,13964,13965,-1,-1,-1,-1,-1,-1,-1,-1,-1,-1,-1,-1,-1,-1,-1,-1,-1,-1,-1,-1,-1,-1,-1,-1,-1,-1,-1,-1,-1,-1,-1,-1,-1,-1,-1,-1,-1,-1,-1,-1,-1,-1,-1,-1,-1,-1,-1,-1,-1,-1,-1,-1,-1,-1,-1,-1,-1,-1,-1,-1
13963,13964,13964,13964,13964,13964,13964,13964,13964,13964,13964,13964,13964,13964,13964,13964,13964,13964,13964,13964,13964,13964,13964,13964,13964,13964,13964,13964,13964,13964,13964,13964,13964,13964,13964,13964,13964,13964,13964,13965,-1,-1,-1,-1,-1,-1,-1,-1,-1,-1,-1,-1,-1,-1,-1,-1,-1,-1,-1,-1,-1,-1,-1,-1,-1,-1,-1,-1,-1,-1,-1,-1,-1,-1,-1,-1,-1,-1,-1,-1,-1,-1,-1,-1,-1,-1,-1,-1,-1,-1,-1,-1,-1,-1,-1,-1,-1,-1,-1,-1
13963,13964,13964,13964,13964,13964,13964,13964,13964,13964,13964,13964,13964,13964,13964,13964,13964,13964,13964,13964,13964,13964,13964,13964,13964,13964,13964,13964,13964,13964,13964,13964,13964,13964,13964,13964,13964,13964,13964,13965,-1,-1,-1,-1,-1,-1,-1,-1,-1,-1,-1,-1,-1,-1,-1,-1,-1,-1,-1,-1,-1,-1,-1,-1,-1,-1,-1,-1,-1,-1,-1,-1,-1,-1,-1,-1,-1,-1,-1,-1,-1,-1,-1,-1,-1,-1,-1,-1,-1,-1,-1,-1,-1,-1,-1,-1,-1,-1,-1,-1
13963,13964,13964,13964,13964,13964,13964,13964,13964,13964,13964,13964,13964,13964,13964,13964,13964,13964,13964,13964,13964,13964,13964,13964,13964,13964,13964,13964,13964,13964,13964,13964,13964,13964,13964,13964,13964,13964,13964,13965,-1,-1,-1,-1,-1,-1,-1,-1,-1,-1,-1,-1,-1,-1,-1,-1,-1,-1,-1,-1,-1,-1,-1,-1,-1,-1,-1,-1,-1,-1,-1,-1,-1,-1,-1,-1,-1,-1,-1,-1,-1,-1,-1,-1,-1,-1,-1,-1,-1,-1,-1,-1,-1,-1,-1,-1,-1,-1,-1,-1
13963,13964,13964,13964,13964,13964,13964,13964,13964,13964,13964,13964,13964,13964,13964,13964,13964,13964,13964,13964,13964,13964,13964,13964,13964,13964,13964,13964,13964,13964,13964,13964,13964,13964,13964,13964,13964,13964,13964,13965,-1,-1,-1,-1,-1,-1,-1,-1,-1,-1,-1,-1,-1,-1,-1,-1,-1,-1,-1,-1,-1,-1,-1,-1,-1,-1,-1,-1,-1,-1,-1,-1,-1,-1,-1,-1,-1,-1,-1,-1,-1,-1,-1,-1,-1,-1,-1,-1,-1,-1,-1,-1,-1,-1,-1,-1,-1,-1,-1,-1
13963,13964,13964,13964,13964,13964,13964,13964,13964,13964,13964,13964,13964,13964,13964,13964,13964,13964,13964,13964,13964,13964,13964,13964,13964,13964,13964,13964,13964,13964,13964,13964,13964,13964,13964,13964,13964,13964,13964,13965,-1,-1,-1,-1,-1,-1,-1,-1,-1,-1,-1,-1,-1,-1,-1,-1,-1,-1,-1,-1,-1,-1,-1,-1,-1,-1,-1,-1,-1,-1,-1,-1,-1,-1,-1,-1,-1,-1,-1,-1,-1,-1,-1,-1,-1,-1,-1,-1,-1,-1,-1,-1,-1,-1,-1,-1,-1,-1,-1,-1
13963,13964,13964,13964,13964,13964,13964,13964,13964,13964,13964,13964,13964,13964,13964,13964,13964,13964,13964,13964,13964,13964,13964,13964,13964,13964,13964,13964,13964,13964,13964,13964,13964,13964,13964,13964,13964,13964,13964,13965,-1,-1,-1,-1,-1,-1,-1,-1,-1,-1,-1,-1,-1,-1,-1,-1,-1,-1,-1,-1,-1,-1,-1,-1,-1,-1,-1,-1,-1,-1,-1,-1,-1,-1,-1,-1,-1,-1,-1,-1,-1,-1,-1,-1,-1,-1,-1,-1,-1,-1,-1,-1,-1,-1,-1,-1,-1,-1,-1,-1
13963,13964,13964,13964,13964,13964,13964,13964,13964,13964,13964,13964,13964,13964,13964,13964,13964,13964,13964,13964,13964,13964,13964,13964,13964,13964,13964,13964,13964,13964,13964,13964,13964,13964,13964,13964,13964,13964,13964,13965,-1,-1,-1,-1,-1,-1,-1,-1,-1,-1,-1,-1,-1,-1,-1,-1,-1,-1,-1,-1,-1,-1,-1,-1,-1,-1,-1,-1,-1,-1,-1,-1,-1,-1,-1,-1,-1,-1,-1,-1,-1,-1,-1,-1,-1,-1,-1,-1,-1,-1,-1,-1,-1,-1,-1,-1,-1,-1,-1,-1
13963,13964,13964,13964,13964,13964,13964,13964,13964,13964,13964,13964,13964,13964,13964,13964,13964,13964,13964,13964,13964,13964,13964,13964,13964,13964,13964,13964,13964,13964,13964,13964,13964,13964,13964,13964,13964,13964,13964,13965,-1,-1,-1,-1,-1,-1,-1,-1,-1,-1,-1,-1,-1,-1,-1,-1,-1,-1,-1,-1,-1,-1,-1,-1,-1,-1,-1,-1,-1,-1,-1,-1,-1,-1,-1,-1,-1,-1,-1,-1,-1,-1,-1,-1,-1,-1,-1,-1,-1,-1,-1,-1,-1,-1,-1,-1,-1,-1,-1,-1
13963,13964,13964,13964,13964,13964,13964,13964,13964,13964,13964,13964,13964,13964,13964,13964,13964,13964,13964,13964,13964,13964,13964,13964,13964,13964,13964,13964,13964,13964,13964,13964,13964,13964,13964,13964,13964,13964,13964,13965,-1,-1,-1,-1,-1,-1,-1,-1,-1,-1,-1,-1,-1,-1,-1,-1,-1,-1,-1,-1,-1,-1,-1,-1,-1,-1,-1,-1,-1,-1,-1,-1,-1,-1,-1,-1,-1,-1,-1,-1,-1,-1,-1,-1,-1,-1,-1,-1,-1,-1,-1,-1,-1,-1,-1,-1,-1,-1,-1,-1
